Event,Compound,LapInStint,FuelEstimate,TrackTemp,AirTemp,AbrasivenessRating,ActualLapTime,PredictedLapTime,Residual,AbsoluteError
Austrian Grand Prix,MEDIUM,1,104.6,49.2,30.3,5,70.527,69.708049657433,0.818950342567007,0.818950342567007
Austrian Grand Prix,MEDIUM,2,102.8,49.2,30.3,5,69.937,69.7060530331545,0.230946966845508,0.230946966845508
Austrian Grand Prix,MEDIUM,3,101,49.2,30.3,5,69.34,69.7955684477148,-0.455568447714839,0.455568447714839
Austrian Grand Prix,MEDIUM,4,99.2,49.2,30.3,5,69.445,69.843972349669,-0.398972349668981,0.398972349668981
Austrian Grand Prix,MEDIUM,5,97.4,49.2,30.3,5,69.454,69.9247691645004,-0.470769164500396,0.470769164500396
Austrian Grand Prix,MEDIUM,6,95.6,49.2,30.3,5,69.271,69.9411945194404,-0.670194519440386,0.670194519440386
Austrian Grand Prix,MEDIUM,7,93.8,49.2,30.3,5,69.849,69.9893122414739,-0.140312241473907,0.140312241473907
Austrian Grand Prix,MEDIUM,8,92,49.2,30.3,5,71.008,70.0172538148446,0.990746185155388,0.990746185155388
Austrian Grand Prix,MEDIUM,9,90.2,49.2,30.3,5,70.441,70.0714724958869,0.36952750411308,0.36952750411308
Austrian Grand Prix,MEDIUM,10,88.4,49.2,30.3,5,69.995,70.0826357938613,-0.0876357938613097,0.0876357938613097
Austrian Grand Prix,MEDIUM,11,86.6,49.2,30.3,5,70.68,70.1123264330786,0.567673566921428,0.567673566921428
Austrian Grand Prix,MEDIUM,12,84.8,49.2,30.3,5,71.748,70.1405302295498,1.60746977045025,1.60746977045025
Austrian Grand Prix,MEDIUM,13,83,49.2,30.3,5,70.889,70.1645655223064,0.724434477693549,0.724434477693549
Austrian Grand Prix,MEDIUM,14,81.2,49.2,30.3,5,71.064,70.197998905017,0.866001094983005,0.866001094983005
Austrian Grand Prix,MEDIUM,15,79.4,49.2,30.3,5,70.709,70.2371068965105,0.471893103489492,0.471893103489492
Austrian Grand Prix,MEDIUM,16,77.6,49.2,30.3,5,70.863,70.2615967850599,0.60140321494012,0.60140321494012
Austrian Grand Prix,MEDIUM,17,75.8,49.2,30.3,5,70.951,70.2659512416142,0.685048758385776,0.685048758385776
Austrian Grand Prix,MEDIUM,18,74,49.2,30.3,5,70.624,70.266673192011,0.357326807988954,0.357326807988954
Austrian Grand Prix,MEDIUM,19,72.2,49.2,30.3,5,70.938,70.2396416768225,0.698358323177487,0.698358323177487
Austrian Grand Prix,HARD,1,63.2,49.2,30.3,5,69.52,69.7349566559911,-0.214956655991131,0.214956655991131
Austrian Grand Prix,HARD,2,61.4,49.2,30.3,5,69.519,69.7299422089012,-0.210942208901173,0.210942208901173
Austrian Grand Prix,HARD,3,59.6,49.2,30.3,5,69.434,69.741351305506,-0.307351305506032,0.307351305506032
Austrian Grand Prix,HARD,4,57.8,49.2,30.3,5,69.343,69.7273591353521,-0.384359135352099,0.384359135352099
Austrian Grand Prix,HARD,5,54.2,49.2,30.3,5,69.449,69.7029345447464,-0.253934544746414,0.253934544746414
Austrian Grand Prix,HARD,6,52.4,49.2,30.3,5,69.44,69.7022114013065,-0.26221140130653,0.26221140130653
Austrian Grand Prix,HARD,7,50.6,49.2,30.3,5,69.196,69.7454921347074,-0.549492134707378,0.549492134707378
Austrian Grand Prix,HARD,8,48.8,49.2,30.3,5,69.443,69.8637967498835,-0.42079674988355,0.42079674988355
Austrian Grand Prix,HARD,9,47,49.2,30.3,5,69.46,69.9896181167899,-0.529618116789933,0.529618116789933
Austrian Grand Prix,HARD,10,45.2,49.2,30.3,5,69.482,70.0224757055982,-0.540475705598226,0.540475705598226
Austrian Grand Prix,HARD,11,43.4,49.2,30.3,5,69.273,70.0854851150776,-0.812485115077635,0.812485115077635
Austrian Grand Prix,HARD,12,41.6,49.2,30.3,5,69.437,70.1316546588198,-0.6946546588198,0.6946546588198
Austrian Grand Prix,HARD,13,39.8,49.2,30.3,5,69.637,70.222661167815,-0.585661167815047,0.585661167815047
Austrian Grand Prix,HARD,14,38,49.2,30.3,5,69.737,70.3015291272886,-0.564529127288637,0.564529127288637
Austrian Grand Prix,HARD,15,36.2,49.2,30.3,5,69.8,70.3700197347925,-0.570019734792524,0.570019734792524
Austrian Grand Prix,HARD,16,34.4,49.2,30.3,5,70.103,70.3663003468379,-0.26330034683788,0.26330034683788
Austrian Grand Prix,HARD,17,32.6,49.2,30.3,5,69.714,70.3831906396023,-0.669190639602306,0.669190639602306
Austrian Grand Prix,HARD,18,30.8,49.2,30.3,5,70.151,70.3486745529947,-0.197674552994727,0.197674552994727
Austrian Grand Prix,HARD,19,29,49.2,30.3,5,70.048,70.3292500509597,-0.281250050959713,0.281250050959713
Austrian Grand Prix,HARD,20,27.2,49.2,30.3,5,69.471,70.3187198226047,-0.847719822604731,0.847719822604731
Austrian Grand Prix,HARD,21,25.4,49.2,30.3,5,70.621,70.2972859473445,0.323714052655475,0.323714052655475
Austrian Grand Prix,HARD,22,23.6,49.2,30.3,5,70.2,70.2879722792349,-0.0879722792348474,0.0879722792348474
Austrian Grand Prix,HARD,23,21.8,49.2,30.3,5,70.073,70.2805946027818,-0.207594602781768,0.207594602781768
Austrian Grand Prix,HARD,24,20,49.2,30.3,5,70.114,70.2628105331847,-0.148810533184687,0.148810533184687
Austrian Grand Prix,MEDIUM,1,11,49.2,30.3,5,68.283,68.3786400256888,-0.0956400256887662,0.0956400256887662
Austrian Grand Prix,MEDIUM,2,9.2,49.2,30.3,5,68.739,68.4024475207585,0.33655247924149,0.33655247924149
Austrian Grand Prix,MEDIUM,3,7.4,49.2,30.3,5,68.157,68.4405147499752,-0.28351474997524,0.28351474997524
Austrian Grand Prix,MEDIUM,4,5.6,49.2,30.3,5,67.924,68.4958620606624,-0.571862060662355,0.571862060662355
Austrian Grand Prix,MEDIUM,5,3.8,49.2,30.3,5,68.085,68.6134901693962,-0.528490169396221,0.528490169396221
Austrian Grand Prix,MEDIUM,6,2,49.2,30.3,5,68.162,68.6439691830149,-0.48196918301494,0.48196918301494
Austrian Grand Prix,MEDIUM,7,0.2,49.2,30.3,5,68.372,68.6876586528599,-0.315658652859923,0.315658652859923
Austrian Grand Prix,MEDIUM,8,0,49.2,30.3,5,68.903,68.736482252628,0.166517747371969,0.166517747371969
Austrian Grand Prix,MEDIUM,9,0,49.2,30.3,5,68.952,68.8086784563491,0.143321543650856,0.143321543650856
Austrian Grand Prix,MEDIUM,10,0,49.2,30.3,5,68.49,68.8240193502184,-0.334019350218398,0.334019350218398
Austrian Grand Prix,MEDIUM,11,0,49.2,30.3,5,69.037,68.8351938918712,0.201806108128821,0.201806108128821
Austrian Grand Prix,MEDIUM,12,0,49.2,30.3,5,69.087,68.8111338459462,0.275866154053759,0.275866154053759
Austrian Grand Prix,MEDIUM,13,0,49.2,30.3,5,69.273,68.8004480160605,0.47255198393951,0.47255198393951
Austrian Grand Prix,MEDIUM,14,0,49.2,30.3,5,69.468,68.8219294765334,0.646070523466605,0.646070523466605
Austrian Grand Prix,MEDIUM,15,0,49.2,30.3,5,70.782,68.8952171959227,1.88678280407733,1.88678280407733
Bahrain Grand Prix,SOFT,1,108.2,31.9,27.1,4,97.492,97.8422398253787,-0.350239825378694,0.350239825378694
Bahrain Grand Prix,SOFT,2,106.4,31.9,27.1,4,98.083,97.8199961909391,0.263003809060933,0.263003809060933
Bahrain Grand Prix,SOFT,3,104.6,31.9,27.1,4,98.133,97.8416045664284,0.291395433571552,0.291395433571552
Bahrain Grand Prix,SOFT,4,102.8,31.9,27.1,4,98.043,97.8599081907894,0.183091809210651,0.183091809210651
Bahrain Grand Prix,SOFT,5,101,31.9,27.1,4,98.363,97.8848804913085,0.478119508691506,0.478119508691506
Bahrain Grand Prix,SOFT,6,99.2,31.9,27.1,4,98.498,97.9073479824568,0.590652017543249,0.590652017543249
Bahrain Grand Prix,SOFT,7,97.4,31.9,27.1,4,98.567,97.9416370228994,0.625362977100565,0.625362977100565
Bahrain Grand Prix,SOFT,8,95.6,31.9,27.1,4,98.8,97.975489424131,0.824510575869027,0.824510575869027
Bahrain Grand Prix,SOFT,9,93.8,31.9,27.1,4,98.549,98.0606463876671,0.488353612332858,0.488353612332858
Bahrain Grand Prix,SOFT,10,92,31.9,27.1,4,98.681,98.0994398224149,0.581560177585132,0.581560177585132
Bahrain Grand Prix,SOFT,11,90.2,31.9,27.1,4,99.028,98.1447016398671,0.883298360132869,0.883298360132869
Bahrain Grand Prix,MEDIUM,1,81.2,31.9,27.1,4,97.733,97.6478659592311,0.0851340407689065,0.0851340407689065
Bahrain Grand Prix,MEDIUM,2,79.4,31.9,27.1,4,97.688,97.6516227647948,0.0363772352051939,0.0363772352051939
Bahrain Grand Prix,MEDIUM,3,77.6,31.9,27.1,4,97.891,97.6741238532368,0.216876146763184,0.216876146763184
Bahrain Grand Prix,MEDIUM,4,75.8,31.9,27.1,4,97.504,97.6946235318399,-0.190623531839933,0.190623531839933
Bahrain Grand Prix,MEDIUM,5,74,31.9,27.1,4,97.712,97.7085165452386,0.00348345476143663,0.00348345476143663
Bahrain Grand Prix,MEDIUM,6,72.2,31.9,27.1,4,97.142,97.7063698585851,-0.564369858585067,0.564369858585067
Bahrain Grand Prix,MEDIUM,7,70.4,31.9,27.1,4,97.933,97.6992092639685,0.233790736031537,0.233790736031537
Bahrain Grand Prix,MEDIUM,8,68.6,31.9,27.1,4,97.634,97.7073817006515,-0.073381700651538,0.073381700651538
Bahrain Grand Prix,MEDIUM,9,66.8,31.9,27.1,4,97.811,97.7392304324864,0.0717695675136127,0.0717695675136127
Bahrain Grand Prix,MEDIUM,10,65,31.9,27.1,4,97.39,97.7721375116426,-0.382137511642611,0.382137511642611
Bahrain Grand Prix,MEDIUM,11,63.2,31.9,27.1,4,97.579,97.7963194158713,-0.217319415871316,0.217319415871316
Bahrain Grand Prix,MEDIUM,12,61.4,31.9,27.1,4,97.693,97.8046510945753,-0.111651094575322,0.111651094575322
Bahrain Grand Prix,MEDIUM,13,59.6,31.9,27.1,4,97.677,97.8394622583984,-0.162462258398421,0.162462258398421
Bahrain Grand Prix,MEDIUM,14,57.8,31.9,27.1,4,97.811,97.8538445568777,-0.0428445568777107,0.0428445568777107
Bahrain Grand Prix,MEDIUM,1,45.2,31.9,27.1,4,95.375,95.7915541515005,-0.416554151500492,0.416554151500492
Bahrain Grand Prix,MEDIUM,2,43.4,31.9,27.1,4,95.997,95.7953801705,0.20161982949999,0.20161982949999
Bahrain Grand Prix,MEDIUM,3,41.6,31.9,27.1,4,96.174,95.8295221007679,0.344477899232061,0.344477899232061
Bahrain Grand Prix,MEDIUM,4,39.8,31.9,27.1,4,96.36,95.864457122967,0.495542877032989,0.495542877032989
Bahrain Grand Prix,MEDIUM,5,38,31.9,27.1,4,96.326,95.8956330223269,0.430366977673089,0.430366977673089
Bahrain Grand Prix,MEDIUM,6,36.2,31.9,27.1,4,96.249,95.9154941503933,0.333505849606709,0.333505849606709
Bahrain Grand Prix,MEDIUM,7,34.4,31.9,27.1,4,96.118,95.9407392929583,0.177260707041668,0.177260707041668
Bahrain Grand Prix,MEDIUM,8,32.6,31.9,27.1,4,96.289,95.9868682068993,0.302131793100685,0.302131793100685
Bahrain Grand Prix,MEDIUM,9,30.8,31.9,27.1,4,96.035,96.1372824108389,-0.102282410838896,0.102282410838896
Bahrain Grand Prix,MEDIUM,10,29,31.9,27.1,4,95.898,96.2194494714338,-0.32144947143378,0.32144947143378
Bahrain Grand Prix,MEDIUM,11,27.2,31.9,27.1,4,96.09,96.3024434632231,-0.212443463223053,0.212443463223053
Bahrain Grand Prix,MEDIUM,12,25.4,31.9,27.1,4,96.357,96.2923547421577,0.0646452578422725,0.0646452578422725
Bahrain Grand Prix,MEDIUM,13,23.6,31.9,27.1,4,96.815,96.2592827092767,0.555717290723322,0.555717290723322
Bahrain Grand Prix,MEDIUM,14,21.8,31.9,27.1,4,96.263,96.2396850036616,0.0233149963383994,0.0233149963383994
Bahrain Grand Prix,MEDIUM,15,20,31.9,27.1,4,96.105,96.2080133552671,-0.103013355267109,0.103013355267109
Bahrain Grand Prix,MEDIUM,16,18.2,31.9,27.1,4,95.961,96.1712314579832,-0.210231457983213,0.210231457983213
Bahrain Grand Prix,MEDIUM,17,16.4,31.9,27.1,4,96.333,96.1560814122959,0.176918587704051,0.176918587704051
Bahrain Grand Prix,MEDIUM,18,14.6,31.9,27.1,4,96.229,96.1432972974016,0.085702702598411,0.085702702598411
Bahrain Grand Prix,MEDIUM,19,12.8,31.9,27.1,4,96.259,96.1194434766485,0.139556523351487,0.139556523351487
Bahrain Grand Prix,MEDIUM,20,11,31.9,27.1,4,96.243,96.1121642556359,0.130835744364134,0.130835744364134
Bahrain Grand Prix,MEDIUM,21,9.2,31.9,27.1,4,96.588,96.1013869165724,0.486613083427642,0.486613083427642
Belgian Grand Prix,MEDIUM,1,86.6,24.1,17,2,110.884,106.729085211045,4.15491478895547,4.15491478895547
Belgian Grand Prix,MEDIUM,2,84.8,24.1,17,2,109.089,106.69574155321,2.39325844678956,2.39325844678956
Belgian Grand Prix,MEDIUM,3,83,24.1,17,2,107.694,106.779599647579,0.914400352421467,0.914400352421467
Belgian Grand Prix,MEDIUM,4,81.2,24.1,17,2,107.251,106.805940828807,0.44505917119335,0.44505917119335
Belgian Grand Prix,MEDIUM,5,79.4,24.1,17,2,107.032,106.829983342435,0.202016657564997,0.202016657564997
Belgian Grand Prix,MEDIUM,6,77.6,24.1,17,2,106.762,106.805521032793,-0.0435210327925688,0.0435210327925688
Belgian Grand Prix,MEDIUM,7,75.8,24.1,17,2,106.79,106.772863703939,0.0171362960607695,0.0171362960607695
Belgian Grand Prix,MEDIUM,8,74,24.1,17,2,106.486,106.718891019335,-0.232891019334616,0.232891019334616
Belgian Grand Prix,MEDIUM,9,72.2,24.1,17,2,106.3,106.73108999021,-0.431089990210396,0.431089990210396
Belgian Grand Prix,MEDIUM,10,70.4,24.1,17,2,106.433,106.689378226351,-0.256378226351302,0.256378226351302
Belgian Grand Prix,MEDIUM,11,68.6,24.1,17,2,106.474,106.672505716441,-0.198505716441289,0.198505716441289
Belgian Grand Prix,MEDIUM,12,66.8,24.1,17,2,106.415,106.653786265676,-0.238786265675998,0.238786265675998
Belgian Grand Prix,MEDIUM,13,65,24.1,17,2,106.407,106.634624565115,-0.227624565115235,0.227624565115235
Belgian Grand Prix,MEDIUM,14,63.2,24.1,17,2,106.243,106.626902919267,-0.383902919267456,0.383902919267456
Belgian Grand Prix,MEDIUM,15,61.4,24.1,17,2,106.462,106.657359243518,-0.195359243518411,0.195359243518411
Belgian Grand Prix,MEDIUM,16,59.6,24.1,17,2,106.171,106.78628966647,-0.615289666470403,0.615289666470403
Belgian Grand Prix,MEDIUM,17,57.8,24.1,17,2,106.205,106.861111874719,-0.65611187471886,0.65611187471886
Belgian Grand Prix,MEDIUM,18,56,24.1,17,2,106.242,106.931959186929,-0.689959186929428,0.689959186929428
Belgian Grand Prix,MEDIUM,19,54.2,24.1,17,2,106.358,106.953998385224,-0.59599838522395,0.59599838522395
Belgian Grand Prix,MEDIUM,20,52.4,24.1,17,2,106.663,106.920984982446,-0.257984982446175,0.257984982446175
Belgian Grand Prix,MEDIUM,21,50.6,24.1,17,2,106.358,106.856527126613,-0.498527126613183,0.498527126613183
Belgian Grand Prix,MEDIUM,22,48.8,24.1,17,2,106.444,106.843634444468,-0.399634444467992,0.399634444467992
Belgian Grand Prix,MEDIUM,23,47,24.1,17,2,106.577,106.816855551714,-0.239855551714243,0.239855551714243
Belgian Grand Prix,MEDIUM,24,45.2,24.1,17,2,106.483,106.838258653922,-0.35525865392222,0.35525865392222
Belgian Grand Prix,MEDIUM,25,43.4,24.1,17,2,106.347,106.834782239901,-0.487782239901065,0.487782239901065
Belgian Grand Prix,MEDIUM,26,41.6,24.1,17,2,106.498,106.791796203641,-0.293796203640525,0.293796203640525
Belgian Grand Prix,MEDIUM,27,39.8,24.1,17,2,106.326,106.767974557121,-0.441974557121171,0.441974557121171
Belgian Grand Prix,MEDIUM,28,38,24.1,17,2,106.144,106.759216191681,-0.615216191681043,0.615216191681043
Belgian Grand Prix,MEDIUM,29,36.2,24.1,17,2,105.933,106.747138085616,-0.814138085615539,0.814138085615539
Belgian Grand Prix,MEDIUM,30,34.4,24.1,17,2,105.706,106.741043847039,-1.0350438470393,1.0350438470393
Belgian Grand Prix,MEDIUM,31,32.6,24.1,17,2,107.821,106.743291157335,1.07770884266478,1.07770884266478
British Grand Prix,MEDIUM,1,30.8,23.6,17.9,3,94.87,90.3700419089118,4.49995809108822,4.49995809108822
British Grand Prix,MEDIUM,2,29,23.6,17.9,3,91.673,90.3733747356314,1.29962526436864,1.29962526436864
British Grand Prix,MEDIUM,3,27.2,23.6,17.9,3,90.609,90.3248037028411,0.284196297158942,0.284196297158942
British Grand Prix,MEDIUM,4,25.4,23.6,17.9,3,90.817,90.3094959101947,0.507504089805295,0.507504089805295
British Grand Prix,MEDIUM,5,23.6,23.6,17.9,3,90.209,90.2781691316921,-0.0691691316920497,0.0691691316920497
British Grand Prix,MEDIUM,6,21.8,23.6,17.9,3,89.686,90.2710479715346,-0.585047971534564,0.585047971534564
British Grand Prix,MEDIUM,7,20,23.6,17.9,3,89.337,90.2361477355666,-0.899147735566629,0.899147735566629
British Grand Prix,MEDIUM,8,18.2,23.6,17.9,3,92.34,90.2362976177432,2.10370238225677,2.10370238225677
Canadian Grand Prix,MEDIUM,1,108.2,49.3,24,1,77.51,77.4574131108938,0.0525868891061947,0.0525868891061947
Canadian Grand Prix,MEDIUM,2,106.4,49.3,24,1,76.714,77.3988686836451,-0.684868683645135,0.684868683645135
Canadian Grand Prix,MEDIUM,3,104.6,49.3,24,1,76.537,77.3406525874014,-0.803652587401345,0.803652587401345
Canadian Grand Prix,MEDIUM,4,102.8,49.3,24,1,76.397,77.3160989681463,-0.919098968146344,0.919098968146344
Canadian Grand Prix,MEDIUM,5,101,49.3,24,1,76.209,77.276490884258,-1.06749088425801,1.06749088425801
Canadian Grand Prix,MEDIUM,6,99.2,49.3,24,1,76.456,77.2782393479835,-0.822239347983512,0.822239347983512
Canadian Grand Prix,MEDIUM,7,97.4,49.3,24,1,76.381,77.120877860397,-0.73987786039703,0.73987786039703
Canadian Grand Prix,MEDIUM,8,95.6,49.3,24,1,76.714,77.0893823778257,-0.37538237782573,0.37538237782573
Canadian Grand Prix,MEDIUM,9,93.8,49.3,24,1,76.775,77.0847701984071,-0.309770198407108,0.309770198407108
Canadian Grand Prix,MEDIUM,10,92,49.3,24,1,76.599,77.0683248496987,-0.469324849698694,0.469324849698694
Canadian Grand Prix,MEDIUM,11,90.2,49.3,24,1,76.937,77.0951655277608,-0.158165527760843,0.158165527760843
Canadian Grand Prix,MEDIUM,12,88.4,49.3,24,1,76.974,77.1101633588382,-0.136163358838246,0.136163358838246
Canadian Grand Prix,MEDIUM,13,86.6,49.3,24,1,77.023,77.1305532771564,-0.107553277156356,0.107553277156356
Canadian Grand Prix,HARD,1,77.6,49.3,24,1,76.705,76.4413619057667,0.263638094233329,0.263638094233329
Canadian Grand Prix,HARD,2,75.8,49.3,24,1,75.886,76.4162844270694,-0.530284427069446,0.530284427069446
Canadian Grand Prix,HARD,3,74,49.3,24,1,75.826,76.3413201882761,-0.515320188276064,0.515320188276064
Canadian Grand Prix,HARD,4,72.2,49.3,24,1,76.049,76.3049391904015,-0.255939190401534,0.255939190401534
Canadian Grand Prix,HARD,5,70.4,49.3,24,1,75.95,76.2143915120385,-0.2643915120385,0.2643915120385
Canadian Grand Prix,HARD,6,68.6,49.3,24,1,75.775,76.1144852094198,-0.339485209419806,0.339485209419806
Canadian Grand Prix,HARD,7,66.8,49.3,24,1,75.903,75.8997740178489,0.00322598215115022,0.00322598215115022
Canadian Grand Prix,HARD,8,65,49.3,24,1,75.764,75.8836081192902,-0.119608119290248,0.119608119290248
Canadian Grand Prix,HARD,9,63.2,49.3,24,1,75.694,75.8786319075772,-0.184631907577241,0.184631907577241
Canadian Grand Prix,HARD,10,61.4,49.3,24,1,75.582,75.8776231477522,-0.295623147752181,0.295623147752181
Canadian Grand Prix,HARD,11,59.6,49.3,24,1,75.739,75.8877906358452,-0.148790635845188,0.148790635845188
Canadian Grand Prix,HARD,12,57.8,49.3,24,1,75.272,75.9130290406558,-0.641029040655781,0.641029040655781
Canadian Grand Prix,HARD,13,56,49.3,24,1,75.373,75.971222209695,-0.598222209694981,0.598222209694981
Canadian Grand Prix,HARD,14,54.2,49.3,24,1,75.415,76.0238743367675,-0.608874336767528,0.608874336767528
Canadian Grand Prix,HARD,15,52.4,49.3,24,1,75.438,76.056767705544,-0.618767705543988,0.618767705543988
Canadian Grand Prix,HARD,16,50.6,49.3,24,1,75.323,76.0563681758855,-0.73336817588546,0.73336817588546
Canadian Grand Prix,HARD,17,48.8,49.3,24,1,75.444,76.0601911184908,-0.616191118490775,0.616191118490775
Canadian Grand Prix,HARD,18,47,49.3,24,1,75.717,76.0480520752734,-0.331052075273391,0.331052075273391
Canadian Grand Prix,HARD,19,45.2,49.3,24,1,75.255,76.032083904805,-0.777083904804968,0.777083904804968
Canadian Grand Prix,HARD,20,43.4,49.3,24,1,75.203,76.0357878564089,-0.832787856408913,0.832787856408913
Canadian Grand Prix,HARD,21,41.6,49.3,24,1,75.662,76.0434828008534,-0.381482800853348,0.381482800853348
Canadian Grand Prix,HARD,22,39.8,49.3,24,1,75.761,76.0442960599323,-0.283296059932255,0.283296059932255
Canadian Grand Prix,HARD,23,38,49.3,24,1,75.417,76.0428154695689,-0.625815469568906,0.625815469568906
Canadian Grand Prix,HARD,24,36.2,49.3,24,1,75.441,76.0404955551068,-0.599495555106827,0.599495555106827
Canadian Grand Prix,HARD,25,34.4,49.3,24,1,75.653,76.0338136876267,-0.380813687626741,0.380813687626741
Canadian Grand Prix,HARD,1,21.8,49.3,24,1,74.531,75.4980684087383,-0.967068408738257,0.967068408738257
Canadian Grand Prix,HARD,2,20,49.3,24,1,74.719,75.4235253907488,-0.704525390748856,0.704525390748856
Canadian Grand Prix,HARD,3,18.2,49.3,24,1,74.584,75.3474632523648,-0.763463252364758,0.763463252364758
Canadian Grand Prix,HARD,4,16.4,49.3,24,1,74.643,75.3180547950649,-0.675054795064909,0.675054795064909
Canadian Grand Prix,HARD,5,14.6,49.3,24,1,74.989,75.2958449154353,-0.306844915435278,0.306844915435278
Canadian Grand Prix,HARD,6,12.8,49.3,24,1,74.497,75.2180109127139,-0.721010912713894,0.721010912713894
Canadian Grand Prix,HARD,7,11,49.3,24,1,75.526,74.9802260493458,0.545773950654237,0.545773950654237
Canadian Grand Prix,HARD,8,9.2,49.3,24,1,74.366,74.9712625651705,-0.60526256517052,0.60526256517052
Canadian Grand Prix,HARD,9,7.4,49.3,24,1,75.324,74.9574371332371,0.366562866762933,0.366562866762933
Canadian Grand Prix,HARD,10,5.6,49.3,24,1,75.104,74.9576673588251,0.146332641174894,0.146332641174894
Canadian Grand Prix,HARD,11,3.8,49.3,24,1,74.498,74.9351778198138,-0.437177819813755,0.437177819813755
Canadian Grand Prix,HARD,12,2,49.3,24,1,74.368,74.9232520601127,-0.555252060112693,0.555252060112693
Canadian Grand Prix,HARD,13,0.2,49.3,24,1,74.268,74.9241194371233,-0.656119437123309,0.656119437123309
Canadian Grand Prix,HARD,14,0,49.3,24,1,74.363,74.9678147217152,-0.604814721715215,0.604814721715215
Canadian Grand Prix,HARD,15,0,49.3,24,1,74.255,74.9869026753974,-0.731902675397393,0.731902675397393
Canadian Grand Prix,HARD,16,0,49.3,24,1,74.409,74.9840172009552,-0.575017200955187,0.575017200955187
Canadian Grand Prix,HARD,17,0,49.3,24,1,75.441,74.9910420480819,0.44995795191808,0.44995795191808
Chinese Grand Prix,MEDIUM,1,108.2,35.8,27.2,4,97.551,98.0381936647468,-0.487193664746783,0.487193664746783
Chinese Grand Prix,MEDIUM,2,104.6,35.8,27.2,4,97.804,98.0263005389652,-0.222300538965158,0.222300538965158
Chinese Grand Prix,MEDIUM,3,102.8,35.8,27.2,4,98.082,98.1061643773105,-0.024164377310484,0.024164377310484
Chinese Grand Prix,MEDIUM,4,99.2,35.8,27.2,4,97.898,98.2775470376398,-0.37954703763981,0.37954703763981
Chinese Grand Prix,MEDIUM,5,97.4,35.8,27.2,4,98.193,98.3679265566585,-0.174926556658519,0.174926556658519
Chinese Grand Prix,MEDIUM,6,95.6,35.8,27.2,4,98.199,98.4029334399988,-0.203933439998806,0.203933439998806
Chinese Grand Prix,MEDIUM,7,93.8,35.8,27.2,4,97.994,98.4941170855511,-0.500117085551111,0.500117085551111
Chinese Grand Prix,MEDIUM,8,92,35.8,27.2,4,98.124,98.564145276964,-0.440145276964003,0.440145276964003
Chinese Grand Prix,MEDIUM,9,90.2,35.8,27.2,4,98.113,98.6107105328822,-0.497710532882195,0.497710532882195
Chinese Grand Prix,HARD,1,81.2,35.8,27.2,4,96.891,96.2043481746576,0.686651825342409,0.686651825342409
Chinese Grand Prix,HARD,2,79.4,35.8,27.2,4,97.171,96.2005895991547,0.970410400845338,0.970410400845338
Chinese Grand Prix,HARD,3,77.6,35.8,27.2,4,97.211,96.2545646425003,0.956435357499686,0.956435357499686
Chinese Grand Prix,HARD,4,75.8,35.8,27.2,4,97.408,96.306470041941,1.10152995805896,1.10152995805896
Chinese Grand Prix,HARD,5,74,35.8,27.2,4,97.985,96.3378839067807,1.64711609321928,1.64711609321928
Chinese Grand Prix,HARD,6,72.2,35.8,27.2,4,97.738,96.3361630982619,1.40183690173805,1.40183690173805
Chinese Grand Prix,HARD,7,70.4,35.8,27.2,4,97.232,96.3383707851897,0.893629214810318,0.893629214810318
Chinese Grand Prix,HARD,8,68.6,35.8,27.2,4,96.97,96.2941416743573,0.675858325642722,0.675858325642722
Chinese Grand Prix,HARD,9,66.8,35.8,27.2,4,97.185,96.3069549336109,0.878045066389092,0.878045066389092
Chinese Grand Prix,HARD,10,65,35.8,27.2,4,97.186,96.3398533748695,0.846146625130544,0.846146625130544
Chinese Grand Prix,HARD,11,63.2,35.8,27.2,4,97.112,96.3403861598889,0.771613840111144,0.771613840111144
Chinese Grand Prix,HARD,12,61.4,35.8,27.2,4,97.001,96.3402775666867,0.660722433313282,0.660722433313282
Chinese Grand Prix,HARD,13,59.6,35.8,27.2,4,96.533,96.3460449220471,0.186955077952945,0.186955077952945
Chinese Grand Prix,HARD,14,57.8,35.8,27.2,4,96.81,96.3599900320667,0.45000996793334,0.45000996793334
Chinese Grand Prix,HARD,15,56,35.8,27.2,4,96.662,96.3750729000967,0.286927099903266,0.286927099903266
Chinese Grand Prix,HARD,16,54.2,35.8,27.2,4,96.698,96.3684562742328,0.329543725767167,0.329543725767167
Chinese Grand Prix,HARD,17,52.4,35.8,27.2,4,96.449,96.3657439446273,0.0832560553727433,0.0832560553727433
Chinese Grand Prix,HARD,18,50.6,35.8,27.2,4,96.804,96.3570048884742,0.446995111525851,0.446995111525851
Chinese Grand Prix,HARD,19,48.8,35.8,27.2,4,96.64,96.3328870426808,0.30711295731922,0.30711295731922
Chinese Grand Prix,HARD,20,47,35.8,27.2,4,96.795,96.3350792806275,0.459920719372533,0.459920719372533
Chinese Grand Prix,HARD,21,45.2,35.8,27.2,4,96.69,96.3342305703403,0.355769429659716,0.355769429659716
Chinese Grand Prix,HARD,22,43.4,35.8,27.2,4,96.527,96.3320091009671,0.194990899032945,0.194990899032945
Chinese Grand Prix,HARD,23,41.6,35.8,27.2,4,96.2,96.3431008693098,-0.143100869309819,0.143100869309819
Chinese Grand Prix,HARD,24,39.8,35.8,27.2,4,96.009,96.3422367268134,-0.333236726813439,0.333236726813439
Chinese Grand Prix,HARD,25,38,35.8,27.2,4,96.028,96.3332892840428,-0.305289284042814,0.305289284042814
Chinese Grand Prix,HARD,26,36.2,35.8,27.2,4,96.319,96.300125651904,0.0188743480959772,0.0188743480959772
Chinese Grand Prix,HARD,27,34.4,35.8,27.2,4,96.366,96.2541228199256,0.11187718007443,0.11187718007443
Chinese Grand Prix,HARD,28,32.6,35.8,27.2,4,96.533,96.2363293997926,0.296670600207406,0.296670600207406
Chinese Grand Prix,HARD,29,30.8,35.8,27.2,4,96.674,96.257178772198,0.416821227801961,0.416821227801961
Chinese Grand Prix,HARD,30,29,35.8,27.2,4,96.46,96.2561454751802,0.203854524819747,0.203854524819747
Chinese Grand Prix,HARD,31,27.2,35.8,27.2,4,96.139,96.263361082652,-0.12436108265203,0.12436108265203
Chinese Grand Prix,HARD,32,25.4,35.8,27.2,4,96.002,96.2569150918057,-0.254915091805657,0.254915091805657
Chinese Grand Prix,HARD,33,23.6,35.8,27.2,4,95.968,96.2515277931924,-0.283527793192349,0.283527793192349
Chinese Grand Prix,HARD,34,21.8,35.8,27.2,4,95.624,96.2400351065642,-0.616035106564169,0.616035106564169
Chinese Grand Prix,HARD,35,20,35.8,27.2,4,96.107,96.2399586987158,-0.132958698715839,0.132958698715839
Chinese Grand Prix,HARD,36,18.2,35.8,27.2,4,95.78,96.2378960248531,-0.457896024853142,0.457896024853142
Chinese Grand Prix,HARD,37,16.4,35.8,27.2,4,95.52,96.2379196954881,-0.717919695488078,0.717919695488078
Chinese Grand Prix,HARD,38,14.6,35.8,27.2,4,95.641,96.2186149262132,-0.577614926213229,0.577614926213229
Chinese Grand Prix,HARD,39,12.8,35.8,27.2,4,95.976,96.2147521206577,-0.238752120657679,0.238752120657679
Chinese Grand Prix,HARD,40,11,35.8,27.2,4,96.934,96.2085451646137,0.725454835386273,0.725454835386273
Emilia Romagna Grand Prix,MEDIUM,1,108.2,42.7,24,4,81.601,81.5128949613021,0.0881050386978615,0.0881050386978615
Emilia Romagna Grand Prix,MEDIUM,2,106.4,42.7,24,4,81.345,81.4711397591617,-0.126139759161688,0.126139759161688
Emilia Romagna Grand Prix,MEDIUM,3,104.6,42.7,24,4,81.29,81.5302171875704,-0.240217187570408,0.240217187570408
Emilia Romagna Grand Prix,MEDIUM,4,102.8,42.7,24,4,81.096,81.5479782762575,-0.451978276257535,0.451978276257535
Emilia Romagna Grand Prix,MEDIUM,5,101,42.7,24,4,81.316,81.5950965304028,-0.279096530402754,0.279096530402754
Emilia Romagna Grand Prix,MEDIUM,6,99.2,42.7,24,4,81.407,81.6499451672844,-0.24294516728439,0.24294516728439
Emilia Romagna Grand Prix,MEDIUM,7,97.4,42.7,24,4,81.178,81.7437771704734,-0.565777170473424,0.565777170473424
Emilia Romagna Grand Prix,MEDIUM,8,95.6,42.7,24,4,81.168,81.7965760779641,-0.628576077964084,0.628576077964084
Emilia Romagna Grand Prix,MEDIUM,9,93.8,42.7,24,4,81.742,81.901600900036,-0.159600900035983,0.159600900035983
Emilia Romagna Grand Prix,MEDIUM,10,92,42.7,24,4,81.741,81.9159011071067,-0.174901107106706,0.174901107106706
Emilia Romagna Grand Prix,HARD,1,83,42.7,24,4,80.885,81.2768060841879,-0.391806084187877,0.391806084187877
Emilia Romagna Grand Prix,HARD,2,81.2,42.7,24,4,81.908,81.263107957324,0.644892042676005,0.644892042676005
Emilia Romagna Grand Prix,HARD,3,79.4,42.7,24,4,82.16,81.2894963393309,0.870503660669115,0.870503660669115
Emilia Romagna Grand Prix,HARD,4,77.6,42.7,24,4,81.572,81.297528196222,0.274471803777985,0.274471803777985
Emilia Romagna Grand Prix,HARD,5,75.8,42.7,24,4,81.553,81.3291264209911,0.223873579008853,0.223873579008853
Emilia Romagna Grand Prix,HARD,6,74,42.7,24,4,81.403,81.3484289670007,0.0545710329993199,0.0545710329993199
Emilia Romagna Grand Prix,HARD,7,72.2,42.7,24,4,80.939,81.4021365827049,-0.463136582704948,0.463136582704948
Emilia Romagna Grand Prix,HARD,8,70.4,42.7,24,4,80.74,81.3529706945821,-0.612970694582117,0.612970694582117
Emilia Romagna Grand Prix,HARD,9,68.6,42.7,24,4,80.698,81.2797678079584,-0.5817678079584,0.5817678079584
Emilia Romagna Grand Prix,HARD,10,66.8,42.7,24,4,81.516,81.251771804099,0.26422819590104,0.26422819590104
Emilia Romagna Grand Prix,HARD,11,65,42.7,24,4,81.605,81.2409864951227,0.364013504877278,0.364013504877278
Emilia Romagna Grand Prix,HARD,12,63.2,42.7,24,4,80.942,81.2285344056233,-0.286534405623343,0.286534405623343
Emilia Romagna Grand Prix,HARD,1,52.4,42.7,24,4,79.769,79.2850591659837,0.483940834016323,0.483940834016323
Emilia Romagna Grand Prix,HARD,2,50.6,42.7,24,4,79.774,79.2759697095142,0.498030290485772,0.498030290485772
Emilia Romagna Grand Prix,HARD,3,48.8,42.7,24,4,79.656,79.3075968219481,0.34840317805191,0.34840317805191
Emilia Romagna Grand Prix,HARD,4,47,42.7,24,4,79.741,79.313394708521,0.427605291479026,0.427605291479026
Emilia Romagna Grand Prix,HARD,5,45.2,42.7,24,4,79.583,79.3305827270942,0.25241727290576,0.25241727290576
Emilia Romagna Grand Prix,HARD,6,43.4,42.7,24,4,79.743,79.3480323680862,0.394967631913843,0.394967631913843
Emilia Romagna Grand Prix,HARD,7,41.6,42.7,24,4,80.061,79.3616054164523,0.699394583547729,0.699394583547729
Emilia Romagna Grand Prix,HARD,8,39.8,42.7,24,4,79.398,79.385781699114,0.012218300885948,0.012218300885948
Emilia Romagna Grand Prix,HARD,9,38,42.7,24,4,80.458,79.4356533021869,1.02234669781306,1.02234669781306
Emilia Romagna Grand Prix,HARD,10,36.2,42.7,24,4,79.959,79.4584404123291,0.500559587670949,0.500559587670949
Emilia Romagna Grand Prix,HARD,11,34.4,42.7,24,4,79.231,79.477555537576,-0.246555537576015,0.246555537576015
Emilia Romagna Grand Prix,HARD,12,32.6,42.7,24,4,79.849,79.4878843278314,0.361115672168623,0.361115672168623
Emilia Romagna Grand Prix,HARD,13,30.8,42.7,24,4,80.339,79.5736470220584,0.765352977941589,0.765352977941589
Emilia Romagna Grand Prix,HARD,14,14.6,42.7,24,4,79.451,79.4993243963492,-0.0483243963491589,0.0483243963491589
Emilia Romagna Grand Prix,HARD,15,12.8,42.7,24,4,79.106,79.5201105648635,-0.41411056486352,0.41411056486352
Emilia Romagna Grand Prix,HARD,16,11,42.7,24,4,78.894,79.5330081881484,-0.639008188148438,0.639008188148438
Emilia Romagna Grand Prix,HARD,17,9.2,42.7,24,4,79.191,79.539739661202,-0.348739661201961,0.348739661201961
Emilia Romagna Grand Prix,HARD,18,7.4,42.7,24,4,81.102,79.5446210529399,1.55737894706014,1.55737894706014
Emilia Romagna Grand Prix,HARD,19,5.6,42.7,24,4,79.629,79.528248637928,0.100751362072032,0.100751362072032
Emilia Romagna Grand Prix,HARD,20,3.8,42.7,24,4,79.483,79.5371498468625,-0.0541498468625434,0.0541498468625434
Emilia Romagna Grand Prix,HARD,21,2,42.7,24,4,79.725,79.5503550123172,0.174644987682768,0.174644987682768
Emilia Romagna Grand Prix,HARD,22,0.2,42.7,24,4,79.349,79.5623071704461,-0.213307170446129,0.213307170446129
Emilia Romagna Grand Prix,HARD,23,0,42.7,24,4,79.546,79.5944319770745,-0.0484319770744719,0.0484319770744719
Japanese Grand Prix,MEDIUM,1,108.2,20.5,14.4,5,94.084,94.2606508399353,-0.176650839935306,0.176650839935306
Japanese Grand Prix,MEDIUM,2,106.4,20.5,14.4,5,94.042,94.216714238324,-0.174714238323958,0.174714238323958
Japanese Grand Prix,MEDIUM,3,104.6,20.5,14.4,5,93.699,94.21778969104,-0.518789691039984,0.518789691039984
Japanese Grand Prix,MEDIUM,4,102.8,20.5,14.4,5,93.967,94.2273873578623,-0.260387357862257,0.260387357862257
Japanese Grand Prix,MEDIUM,5,101,20.5,14.4,5,93.831,94.2755743105639,-0.44457431056388,0.44457431056388
Japanese Grand Prix,MEDIUM,6,99.2,20.5,14.4,5,93.849,94.3293617279937,-0.480361727993653,0.480361727993653
Japanese Grand Prix,MEDIUM,7,97.4,20.5,14.4,5,93.772,94.3561001054117,-0.584100105411721,0.584100105411721
Japanese Grand Prix,MEDIUM,8,95.6,20.5,14.4,5,93.59,94.3632217219507,-0.773221721950662,0.773221721950662
Japanese Grand Prix,MEDIUM,9,93.8,20.5,14.4,5,94.175,94.3764208293372,-0.201420829337195,0.201420829337195
Japanese Grand Prix,MEDIUM,10,92,20.5,14.4,5,93.479,94.378247605902,-0.899247605902005,0.899247605902005
Japanese Grand Prix,MEDIUM,11,90.2,20.5,14.4,5,93.334,94.3783659663913,-1.0443659663913,1.0443659663913
Japanese Grand Prix,MEDIUM,12,88.4,20.5,14.4,5,93.253,94.3762404276708,-1.12324042767077,1.12324042767077
Japanese Grand Prix,MEDIUM,13,86.6,20.5,14.4,5,93.56,94.3823621646005,-0.822362164600491,0.822362164600491
Japanese Grand Prix,MEDIUM,14,84.8,20.5,14.4,5,93.361,94.3991466489988,-1.03814664899882,1.03814664899882
Japanese Grand Prix,MEDIUM,15,83,20.5,14.4,5,93.572,94.5692772240358,-0.997277224035827,0.997277224035827
Japanese Grand Prix,MEDIUM,16,81.2,20.5,14.4,5,93.667,94.9475719900316,-1.28057199003156,1.28057199003156
Japanese Grand Prix,MEDIUM,17,79.4,20.5,14.4,5,93.66,95.132485761546,-1.47248576154603,1.47248576154603
Japanese Grand Prix,HARD,1,70.4,20.5,14.4,5,93.017,92.1384635186468,0.87853648135318,0.87853648135318
Japanese Grand Prix,HARD,2,68.6,20.5,14.4,5,92.386,92.0910838709743,0.294916129025665,0.294916129025665
Japanese Grand Prix,HARD,3,66.8,20.5,14.4,5,92.399,92.0925571492642,0.30644285073582,0.30644285073582
Japanese Grand Prix,HARD,4,65,20.5,14.4,5,92.44,92.1072361354904,0.332763864509616,0.332763864509616
Japanese Grand Prix,HARD,5,63.2,20.5,14.4,5,92.435,92.1101385870296,0.324861412970421,0.324861412970421
Japanese Grand Prix,HARD,6,61.4,20.5,14.4,5,92.142,92.1152853714087,0.0267146285913213,0.0267146285913213
Japanese Grand Prix,HARD,7,59.6,20.5,14.4,5,92.181,92.1278532565859,0.0531467434141177,0.0531467434141177
Japanese Grand Prix,HARD,8,57.8,20.5,14.4,5,92.047,92.1535726996938,-0.106572699693814,0.106572699693814
Japanese Grand Prix,HARD,9,56,20.5,14.4,5,92.001,92.1615217065348,-0.160521706534794,0.160521706534794
Japanese Grand Prix,HARD,10,54.2,20.5,14.4,5,91.828,92.1566376477129,-0.328637647712895,0.328637647712895
Japanese Grand Prix,HARD,11,52.4,20.5,14.4,5,91.432,92.1750091747427,-0.743009174742653,0.743009174742653
Japanese Grand Prix,HARD,12,50.6,20.5,14.4,5,91.681,92.0926701199272,-0.411670119927166,0.411670119927166
Japanese Grand Prix,HARD,13,48.8,20.5,14.4,5,91.854,92.0504863868938,-0.19648638689381,0.19648638689381
Japanese Grand Prix,HARD,14,47,20.5,14.4,5,91.615,92.0501681836299,-0.435168183629898,0.435168183629898
Japanese Grand Prix,HARD,15,45.2,20.5,14.4,5,91.616,92.1128450523847,-0.496845052384742,0.496845052384742
Japanese Grand Prix,HARD,16,43.4,20.5,14.4,5,91.762,92.3536064939262,-0.591606493926236,0.591606493926236
Japanese Grand Prix,HARD,17,41.6,20.5,14.4,5,91.631,92.4601994177787,-0.82919941777871,0.82919941777871
Japanese Grand Prix,HARD,18,39.8,20.5,14.4,5,91.475,92.5496970563131,-1.0746970563131,1.0746970563131
Japanese Grand Prix,HARD,19,38,20.5,14.4,5,91.565,92.5761980361001,-1.01119803610008,1.01119803610008
Japanese Grand Prix,HARD,20,36.2,20.5,14.4,5,91.33,92.5510744019703,-1.22107440197033,1.22107440197033
Japanese Grand Prix,HARD,21,34.4,20.5,14.4,5,91.42,92.5691642291986,-1.14916422919865,1.14916422919865
Japanese Grand Prix,HARD,22,32.6,20.5,14.4,5,91.875,92.5735306436867,-0.698530643686667,0.698530643686667
Japanese Grand Prix,HARD,23,30.8,20.5,14.4,5,91.551,92.6360099074891,-1.08500990748908,1.08500990748908
Japanese Grand Prix,HARD,24,29,20.5,14.4,5,91.284,92.6784633618542,-1.39446336185415,1.39446336185415
Japanese Grand Prix,HARD,25,27.2,20.5,14.4,5,91.222,92.6836254665874,-1.46162546658739,1.46162546658739
Japanese Grand Prix,HARD,26,25.4,20.5,14.4,5,91.109,92.6316564153373,-1.52265641533734,1.52265641533734
Japanese Grand Prix,HARD,27,23.6,20.5,14.4,5,91.841,92.6064909312597,-0.765490931259691,0.765490931259691
Japanese Grand Prix,HARD,28,21.8,20.5,14.4,5,91.544,92.592934285757,-1.04893428575704,1.04893428575704
Japanese Grand Prix,HARD,29,20,20.5,14.4,5,91.139,92.563432427305,-1.42443242730504,1.42443242730504
Japanese Grand Prix,HARD,30,18.2,20.5,14.4,5,91.201,92.5641691693685,-1.36316916936853,1.36316916936853
Japanese Grand Prix,HARD,31,16.4,20.5,14.4,5,91.039,92.5539271305486,-1.51492713054864,1.51492713054864
Miami Grand Prix,MEDIUM,1,66.8,38.7,26.6,4,91.392,90.7312351990419,0.660764800958063,0.660764800958063
Miami Grand Prix,MEDIUM,2,65,38.7,26.6,4,91.507,90.7367059962077,0.770294003792273,0.770294003792273
Miami Grand Prix,MEDIUM,3,63.2,38.7,26.6,4,91.432,90.7823160417378,0.64968395826223,0.64968395826223
Miami Grand Prix,MEDIUM,4,61.4,38.7,26.6,4,91.718,90.812261018041,0.905738981959047,0.905738981959047
Miami Grand Prix,MEDIUM,5,56,38.7,26.6,4,90.17,90.8722237628517,-0.702223762851702,0.702223762851702
Miami Grand Prix,HARD,1,47,38.7,26.6,4,90.201,90.5688341011102,-0.367834101110176,0.367834101110176
Miami Grand Prix,HARD,2,45.2,38.7,26.6,4,90.07,90.5749217391573,-0.504921739157325,0.504921739157325
Miami Grand Prix,HARD,3,43.4,38.7,26.6,4,90.167,90.64132563509,-0.474325635089954,0.474325635089954
Miami Grand Prix,HARD,4,41.6,38.7,26.6,4,90.194,90.6798371983616,-0.485837198361622,0.485837198361622
Miami Grand Prix,HARD,5,39.8,38.7,26.6,4,90.236,90.6980439409568,-0.462043940956747,0.462043940956747
Miami Grand Prix,HARD,6,38,38.7,26.6,4,90.37,90.7371774670298,-0.367177467029791,0.367177467029791
Miami Grand Prix,HARD,7,36.2,38.7,26.6,4,90.307,90.7470966157217,-0.440096615721657,0.440096615721657
Miami Grand Prix,HARD,8,34.4,38.7,26.6,4,90.413,90.7658437734356,-0.352843773435652,0.352843773435652
Miami Grand Prix,HARD,9,32.6,38.7,26.6,4,90.137,90.8123082278848,-0.675308227884827,0.675308227884827
Miami Grand Prix,HARD,10,30.8,38.7,26.6,4,90.589,90.9653877940292,-0.376387794029228,0.376387794029228
Miami Grand Prix,HARD,11,29,38.7,26.6,4,90.653,90.9956755529789,-0.342675552978847,0.342675552978847
Miami Grand Prix,HARD,12,27.2,38.7,26.6,4,90.372,91.0139710182298,-0.641971018229825,0.641971018229825
Miami Grand Prix,HARD,13,25.4,38.7,26.6,4,90.559,91.0057246091322,-0.446724609132218,0.446724609132218
Miami Grand Prix,HARD,14,23.6,38.7,26.6,4,89.992,91.0069185817699,-1.01491858176989,1.01491858176989
Miami Grand Prix,HARD,15,21.8,38.7,26.6,4,90.136,91.024687197223,-0.888687197222993,0.888687197222993
Miami Grand Prix,HARD,16,20,38.7,26.6,4,90.103,91.0086418310614,-0.905641831061374,0.905641831061374
Miami Grand Prix,HARD,17,18.2,38.7,26.6,4,90.245,90.9997372740409,-0.754737274040892,0.754737274040892
Miami Grand Prix,HARD,18,16.4,38.7,26.6,4,90.658,90.97887542457,-0.320875424570005,0.320875424570005
Miami Grand Prix,HARD,19,14.6,38.7,26.6,4,90.269,90.8835725043494,-0.614572504349439,0.614572504349439
Miami Grand Prix,HARD,20,12.8,38.7,26.6,4,90.761,90.8620526501846,-0.101052650184556,0.101052650184556
Miami Grand Prix,HARD,21,11,38.7,26.6,4,90.579,90.8532592022343,-0.274259202234347,0.274259202234347
Miami Grand Prix,HARD,22,9.2,38.7,26.6,4,90.441,90.8444264012412,-0.403426401241219,0.403426401241219
Monaco Grand Prix,MEDIUM,1,102.8,43.3,22.2,1,80.048,78.6141936613581,1.43380633864193,1.43380633864193
Monaco Grand Prix,MEDIUM,2,101,43.3,22.2,1,79.793,78.6166733650618,1.17632663493822,1.17632663493822
Monaco Grand Prix,MEDIUM,3,99.2,43.3,22.2,1,79.261,78.5523481432604,0.708651856739564,0.708651856739564
Monaco Grand Prix,MEDIUM,4,90.2,43.3,22.2,1,77.393,78.2536368141136,-0.860636814113576,0.860636814113576
Monaco Grand Prix,MEDIUM,5,88.4,43.3,22.2,1,76.748,78.0167789471652,-1.26877894716515,1.26877894716515
Monaco Grand Prix,MEDIUM,6,86.6,43.3,22.2,1,76.412,77.9707973314244,-1.5587973314244,1.5587973314244
Monaco Grand Prix,MEDIUM,7,84.8,43.3,22.2,1,75.522,77.9107703284182,-2.38877032841815,2.38877032841815
Monaco Grand Prix,MEDIUM,8,83,43.3,22.2,1,75.643,77.8944285401645,-2.25142854016454,2.25142854016454
Monaco Grand Prix,MEDIUM,9,81.2,43.3,22.2,1,75.457,77.8881210679423,-2.43112106794231,2.43112106794231
Monaco Grand Prix,MEDIUM,10,79.4,43.3,22.2,1,74.934,77.7868154705332,-2.85281547053316,2.85281547053316
Monaco Grand Prix,HARD,1,70.4,43.3,22.2,1,77.79,76.8615344480962,0.928465551903855,0.928465551903855
Monaco Grand Prix,HARD,2,68.6,43.3,22.2,1,75.487,76.84782852205,-1.36082852204997,1.36082852204997
Monaco Grand Prix,HARD,3,66.8,43.3,22.2,1,74.94,76.8413363301732,-1.90133633017322,1.90133633017322
Monaco Grand Prix,HARD,4,65,43.3,22.2,1,74.96,76.8064642839698,-1.84646428396984,1.84646428396984
Monaco Grand Prix,HARD,5,63.2,43.3,22.2,1,74.772,76.7558645146173,-1.98386451461725,1.98386451461725
Monaco Grand Prix,HARD,6,61.4,43.3,22.2,1,75.556,76.7173552817086,-1.16135528170861,1.16135528170861
Monaco Grand Prix,HARD,7,59.6,43.3,22.2,1,74.736,76.6754880952007,-1.93948809520066,1.93948809520066
Monaco Grand Prix,HARD,8,57.8,43.3,22.2,1,74.868,76.6615377024497,-1.79353770244971,1.79353770244971
Monaco Grand Prix,HARD,9,56,43.3,22.2,1,75.735,76.6660430525772,-0.931043052577152,0.931043052577152
Monaco Grand Prix,HARD,10,54.2,43.3,22.2,1,76.822,76.5923580995854,0.229641900414592,0.229641900414592
Monaco Grand Prix,HARD,11,52.4,43.3,22.2,1,76.325,76.5442099713736,-0.219209971373573,0.219209971373573
Monaco Grand Prix,HARD,12,50.6,43.3,22.2,1,75.947,76.5443834995121,-0.597383499512105,0.597383499512105
Monaco Grand Prix,HARD,13,48.8,43.3,22.2,1,74.819,76.5466768703635,-1.72767687036348,1.72767687036348
Monaco Grand Prix,HARD,14,47,43.3,22.2,1,75.107,76.5512965922296,-1.44429659222958,1.44429659222958
Monaco Grand Prix,HARD,15,45.2,43.3,22.2,1,75.396,76.538268887964,-1.14226888796404,1.14226888796404
Monaco Grand Prix,HARD,16,41.6,43.3,22.2,1,74.594,76.4887873901453,-1.89478739014532,1.89478739014532
Monaco Grand Prix,HARD,17,39.8,43.3,22.2,1,74.344,76.3441099289481,-2.00010992894815,2.00010992894815
Monaco Grand Prix,HARD,18,38,43.3,22.2,1,74.297,76.3242516494079,-2.02725164940786,2.02725164940786
Monaco Grand Prix,HARD,19,36.2,43.3,22.2,1,74.137,76.3171213531116,-2.18012135311156,2.18012135311156
Monaco Grand Prix,HARD,20,34.4,43.3,22.2,1,75.181,76.2483440500434,-1.06734405004336,1.06734405004336
Monaco Grand Prix,HARD,21,32.6,43.3,22.2,1,74.676,76.2460231618158,-1.57002316181584,1.57002316181584
Monaco Grand Prix,HARD,22,30.8,43.3,22.2,1,75.124,76.2460231618158,-1.12202316181585,1.12202316181585
Monaco Grand Prix,HARD,23,29,43.3,22.2,1,74.875,76.2417476425851,-1.36674764258508,1.36674764258508
Monaco Grand Prix,HARD,1,20,43.3,22.2,1,74.713,76.2908734162966,-1.57787341629661,1.57787341629661
Monaco Grand Prix,HARD,2,18.2,43.3,22.2,1,74.087,76.2787120750268,-2.19171207502676,2.19171207502676
Monaco Grand Prix,HARD,3,16.4,43.3,22.2,1,74.004,76.1963420800029,-2.19234208000289,2.19234208000289
Monaco Grand Prix,HARD,4,14.6,43.3,22.2,1,74.703,76.0718615205593,-1.36886152055931,1.36886152055931
Monaco Grand Prix,HARD,5,12.8,43.3,22.2,1,76.244,76.0092213234727,0.234778676527299,0.234778676527299
Monaco Grand Prix,HARD,6,11,43.3,22.2,1,75.113,75.9737767305552,-0.860776730555216,0.860776730555216
Monaco Grand Prix,HARD,7,9.2,43.3,22.2,1,74.81,75.9397134151957,-1.12971341519574,1.12971341519574
Monaco Grand Prix,HARD,8,7.4,43.3,22.2,1,74.83,75.9238387987936,-1.09383879879363,1.09383879879363
Monaco Grand Prix,HARD,9,5.6,43.3,22.2,1,73.916,75.9154581712707,-1.99945817127072,1.99945817127072
Monaco Grand Prix,HARD,10,3.8,43.3,22.2,1,73.745,75.8464130643461,-2.10141306434613,2.10141306434613
Monaco Grand Prix,HARD,11,2,43.3,22.2,1,74.485,75.7784308424946,-1.29343084249462,1.29343084249462
Monaco Grand Prix,HARD,12,0.2,43.3,22.2,1,75.213,75.7819719420617,-0.568971942061722,0.568971942061722
Monaco Grand Prix,HARD,13,0,43.3,22.2,1,74.381,75.7904803643986,-1.40948036439863,1.40948036439863
Monaco Grand Prix,HARD,14,0,43.3,22.2,1,75.204,75.7977520803077,-0.593752080307723,0.593752080307723
Monaco Grand Prix,HARD,15,0,43.3,22.2,1,74.661,75.7840694414188,-1.12306944141883,1.12306944141883
Monaco Grand Prix,HARD,16,0,43.3,22.2,1,75.106,75.7173317051317,-0.611331705131704,0.611331705131704
Monaco Grand Prix,HARD,17,0,43.3,22.2,1,75.014,75.5352171423192,-0.521217142319173,0.521217142319173
Monaco Grand Prix,HARD,18,0,43.3,22.2,1,75.26,75.5146273514053,-0.254627351405261,0.254627351405261
Monaco Grand Prix,HARD,19,0,43.3,22.2,1,75.638,75.5082528328867,0.129747167113266,0.129747167113266
Monaco Grand Prix,HARD,20,0,43.3,22.2,1,75.899,75.5082528328867,0.390747167113261,0.390747167113261
Monaco Grand Prix,HARD,21,0,43.3,22.2,1,75.595,75.5072863031248,0.0877136968751557,0.0877136968751557
Monaco Grand Prix,HARD,22,0,43.3,22.2,1,76.141,75.5082842290508,0.632715770949233,0.632715770949233
Monaco Grand Prix,HARD,23,0,43.3,22.2,1,76.214,75.5031604142359,0.710839585764049,0.710839585764049
Monaco Grand Prix,HARD,24,0,43.3,22.2,1,76.193,75.5031604142359,0.689839585764048,0.689839585764048
Monaco Grand Prix,HARD,25,0,43.3,22.2,1,76.139,75.5031604142359,0.635839585764046,0.635839585764046
Monaco Grand Prix,HARD,26,0,43.3,22.2,1,75.909,75.5024192938656,0.40658070613442,0.40658070613442
Monaco Grand Prix,HARD,27,0,43.3,22.2,1,76.523,75.4999672246015,1.02303277539849,1.02303277539849
Monaco Grand Prix,HARD,28,0,43.3,22.2,1,75.02,75.4986661293634,-0.478666129363418,0.478666129363418
Saudi Arabian Grand Prix,MEDIUM,1,104.6,37.8,29.5,5,94.247,94.2442311145337,0.00276888546625287,0.00276888546625287
Saudi Arabian Grand Prix,MEDIUM,2,102.8,37.8,29.5,5,93.418,94.2400104683697,-0.822010468369712,0.822010468369712
Saudi Arabian Grand Prix,MEDIUM,3,101,37.8,29.5,5,93.917,94.3081843592196,-0.391184359219608,0.391184359219608
Saudi Arabian Grand Prix,MEDIUM,4,99.2,37.8,29.5,5,93.523,94.4022919134403,-0.879291913440312,0.879291913440312
Saudi Arabian Grand Prix,MEDIUM,5,97.4,37.8,29.5,5,93.893,94.4737143262324,-0.580714326232439,0.580714326232439
Saudi Arabian Grand Prix,MEDIUM,6,95.6,37.8,29.5,5,93.5,94.5713254795885,-1.07132547958849,1.07132547958849
Saudi Arabian Grand Prix,MEDIUM,7,93.8,37.8,29.5,5,94.045,94.5809762350876,-0.535976235087617,0.535976235087617
Saudi Arabian Grand Prix,MEDIUM,8,92,37.8,29.5,5,93.808,94.6272812271511,-0.819281227151109,0.819281227151109
Saudi Arabian Grand Prix,MEDIUM,9,90.2,37.8,29.5,5,93.77,94.6654611806143,-0.895461180614319,0.895461180614319
Saudi Arabian Grand Prix,MEDIUM,10,88.4,37.8,29.5,5,94.28,94.6833425353832,-0.403342535383217,0.403342535383217
Saudi Arabian Grand Prix,MEDIUM,11,86.6,37.8,29.5,5,94.072,94.7236668718849,-0.651666871884885,0.651666871884885
Saudi Arabian Grand Prix,MEDIUM,12,84.8,37.8,29.5,5,94.149,94.7290936432894,-0.580093643289402,0.580093643289402
Saudi Arabian Grand Prix,MEDIUM,13,83,37.8,29.5,5,94.124,94.7136441166063,-0.58964411660628,0.58964411660628
Saudi Arabian Grand Prix,MEDIUM,14,81.2,37.8,29.5,5,94.279,94.7408608713885,-0.461860871388538,0.461860871388538
Saudi Arabian Grand Prix,HARD,1,72.2,37.8,29.5,5,94.024,93.6480911987942,0.375908801205753,0.375908801205753
Saudi Arabian Grand Prix,HARD,2,70.4,37.8,29.5,5,93.119,93.5777337509979,-0.458733750997894,0.458733750997894
Saudi Arabian Grand Prix,HARD,3,68.6,37.8,29.5,5,92.76,93.5551894358246,-0.795189435824625,0.795189435824625
Saudi Arabian Grand Prix,HARD,4,66.8,37.8,29.5,5,93.092,93.5699389856601,-0.477938985660131,0.477938985660131
Saudi Arabian Grand Prix,HARD,5,65,37.8,29.5,5,92.922,93.5879945546684,-0.665994554668444,0.665994554668444
Saudi Arabian Grand Prix,HARD,6,63.2,37.8,29.5,5,92.875,93.5896877028168,-0.714687702816803,0.714687702816803
Saudi Arabian Grand Prix,HARD,7,61.4,37.8,29.5,5,92.831,93.5858459752619,-0.754845975261944,0.754845975261944
Saudi Arabian Grand Prix,HARD,8,59.6,37.8,29.5,5,92.808,93.577182933096,-0.769182933095976,0.769182933095976
Saudi Arabian Grand Prix,HARD,9,57.8,37.8,29.5,5,92.938,93.5704728037882,-0.632472803788161,0.632472803788161
Saudi Arabian Grand Prix,HARD,10,56,37.8,29.5,5,92.774,93.5426029738681,-0.768602973868084,0.768602973868084
Saudi Arabian Grand Prix,HARD,11,54.2,37.8,29.5,5,92.787,93.5417981311046,-0.754798131104593,0.754798131104593
Saudi Arabian Grand Prix,HARD,12,52.4,37.8,29.5,5,92.657,93.5564309501282,-0.899430950128178,0.899430950128178
Saudi Arabian Grand Prix,HARD,13,50.6,37.8,29.5,5,93.201,93.5162541222889,-0.315254122288863,0.315254122288863
Saudi Arabian Grand Prix,HARD,14,48.8,37.8,29.5,5,92.555,93.5164036933058,-0.961403693305797,0.961403693305797
Saudi Arabian Grand Prix,HARD,15,47,37.8,29.5,5,92.624,93.3922796886465,-0.768279688646487,0.768279688646487
Saudi Arabian Grand Prix,HARD,16,45.2,37.8,29.5,5,92.7,93.3272319865054,-0.627231986505365,0.627231986505365
Saudi Arabian Grand Prix,HARD,17,43.4,37.8,29.5,5,92.663,93.3205209203678,-0.657520920367801,0.657520920367801
Saudi Arabian Grand Prix,HARD,18,41.6,37.8,29.5,5,92.701,93.308867145303,-0.607867145302976,0.607867145302976
Saudi Arabian Grand Prix,HARD,19,39.8,37.8,29.5,5,92.778,93.2860876409233,-0.508087640923321,0.508087640923321
Saudi Arabian Grand Prix,HARD,20,38,37.8,29.5,5,92.987,93.2587768848243,-0.271776884824334,0.271776884824334
Saudi Arabian Grand Prix,HARD,21,36.2,37.8,29.5,5,92.686,93.2426625022818,-0.55666250228181,0.55666250228181
Saudi Arabian Grand Prix,HARD,22,34.4,37.8,29.5,5,92.871,93.2403153263559,-0.369315326355903,0.369315326355903
Saudi Arabian Grand Prix,HARD,23,32.6,37.8,29.5,5,92.815,93.2402385626447,-0.425238562644665,0.425238562644665
Saudi Arabian Grand Prix,HARD,24,30.8,37.8,29.5,5,92.393,93.2336192768101,-0.840619276810116,0.840619276810116
Saudi Arabian Grand Prix,HARD,25,29,37.8,29.5,5,93.352,93.1947300647378,0.157269935262207,0.157269935262207
Saudi Arabian Grand Prix,HARD,26,27.2,37.8,29.5,5,92.669,92.9821214269453,-0.313121426945344,0.313121426945344
Saudi Arabian Grand Prix,HARD,27,25.4,37.8,29.5,5,92.728,92.8754770503741,-0.147477050374064,0.147477050374064
Saudi Arabian Grand Prix,HARD,28,23.6,37.8,29.5,5,92.927,92.8289105132341,0.0980894867659146,0.0980894867659146
Saudi Arabian Grand Prix,HARD,29,21.8,37.8,29.5,5,92.228,92.8000771823357,-0.57207718233569,0.57207718233569
Spanish Grand Prix,SOFT,1,108.2,48.5,29.1,3,80.211,80.4021292508226,-0.191129250822613,0.191129250822613
Spanish Grand Prix,SOFT,2,106.4,48.5,29.1,3,79.866,80.3633644346851,-0.497364434685053,0.497364434685053
Spanish Grand Prix,SOFT,3,104.6,48.5,29.1,3,80.359,80.3691877490838,-0.0101877490838405,0.0101877490838405
Spanish Grand Prix,SOFT,4,102.8,48.5,29.1,3,80.467,80.3817487527147,0.0852512472852567,0.0852512472852567
Spanish Grand Prix,SOFT,5,101,48.5,29.1,3,80.254,80.4357088385725,-0.181708838572447,0.181708838572447
Spanish Grand Prix,SOFT,6,99.2,48.5,29.1,3,80.931,80.4999195137613,0.431080486238713,0.431080486238713
Spanish Grand Prix,SOFT,7,97.4,48.5,29.1,3,80.828,80.5311738448839,0.296826155116136,0.296826155116136
Spanish Grand Prix,SOFT,8,95.6,48.5,29.1,3,80.767,80.5507991194815,0.216200880518471,0.216200880518471
Spanish Grand Prix,SOFT,9,93.8,48.5,29.1,3,80.89,80.6437592957165,0.246240704283466,0.246240704283466
Spanish Grand Prix,SOFT,10,92,48.5,29.1,3,81.136,80.64426695464,0.491733045359965,0.491733045359965
Spanish Grand Prix,SOFT,11,90.2,48.5,29.1,3,81.091,80.6785950400039,0.412404959996053,0.412404959996053
Spanish Grand Prix,SOFT,12,88.4,48.5,29.1,3,81.033,80.7005955144517,0.332404485548281,0.332404485548281
Spanish Grand Prix,SOFT,13,86.6,48.5,29.1,3,80.78,80.751756473883,0.0282435261170093,0.0282435261170093
Spanish Grand Prix,SOFT,14,84.8,48.5,29.1,3,80.804,80.7370973777869,0.0669026222131066,0.0669026222131066
Spanish Grand Prix,SOFT,15,83,48.5,29.1,3,80.659,80.7279603249736,-0.0689603249735598,0.0689603249735598
Spanish Grand Prix,SOFT,16,81.2,48.5,29.1,3,80.657,80.73770855381,-0.0807085538099557,0.0807085538099557
Spanish Grand Prix,SOFT,17,79.4,48.5,29.1,3,80.693,80.7402069398977,-0.0472069398977197,0.0472069398977197
Spanish Grand Prix,SOFT,18,77.6,48.5,29.1,3,80.85,80.7525019920087,0.0974980079913195,0.0974980079913195
Spanish Grand Prix,SOFT,19,75.8,48.5,29.1,3,81.126,80.7360893952016,0.389910604798388,0.389910604798388
Spanish Grand Prix,MEDIUM,1,66.8,48.5,29.1,3,79.85,79.6812801022007,0.168719897799292,0.168719897799292
Spanish Grand Prix,MEDIUM,2,65,48.5,29.1,3,79.913,79.6643548206103,0.248645179389698,0.248645179389698
Spanish Grand Prix,MEDIUM,3,63.2,48.5,29.1,3,79.749,79.6827880659025,0.066211934097467,0.066211934097467
Spanish Grand Prix,MEDIUM,4,61.4,48.5,29.1,3,79.904,79.7229287696713,0.18107123032874,0.18107123032874
Spanish Grand Prix,MEDIUM,5,59.6,48.5,29.1,3,79.919,79.7311732869905,0.187826713009471,0.187826713009471
Spanish Grand Prix,MEDIUM,6,57.8,48.5,29.1,3,79.807,79.7188332611099,0.0881667388900667,0.0881667388900667
Spanish Grand Prix,MEDIUM,7,56,48.5,29.1,3,79.719,79.7089492987621,0.0100507012379012,0.0100507012379012
Spanish Grand Prix,MEDIUM,8,54.2,48.5,29.1,3,79.983,79.7300976820942,0.25290231790585,0.25290231790585
Spanish Grand Prix,MEDIUM,9,52.4,48.5,29.1,3,80.387,79.7597057296756,0.627294270324413,0.627294270324413
Spanish Grand Prix,MEDIUM,10,50.6,48.5,29.1,3,80.474,79.7167912279016,0.757208772098409,0.757208772098409
Spanish Grand Prix,MEDIUM,11,48.8,48.5,29.1,3,80.15,79.6777361778124,0.4722638221876,0.4722638221876
Spanish Grand Prix,MEDIUM,12,47,48.5,29.1,3,80.129,79.6552657422523,0.47373425774768,0.47373425774768
Spanish Grand Prix,MEDIUM,13,45.2,48.5,29.1,3,80.457,79.6609148998925,0.796085100107518,0.796085100107518
Spanish Grand Prix,MEDIUM,14,43.4,48.5,29.1,3,79.681,79.6648432340942,0.0161567659058335,0.0161567659058335
Spanish Grand Prix,MEDIUM,15,41.6,48.5,29.1,3,79.945,79.6933757106863,0.25162428931371,0.25162428931371
Spanish Grand Prix,MEDIUM,16,39.8,48.5,29.1,3,80.293,79.6915587842604,0.601441215739627,0.601441215739627
Spanish Grand Prix,MEDIUM,17,38,48.5,29.1,3,80.125,79.7071467444222,0.417853255577782,0.417853255577782
Spanish Grand Prix,MEDIUM,18,36.2,48.5,29.1,3,80.141,79.7288633810427,0.412136618957305,0.412136618957305
Spanish Grand Prix,MEDIUM,19,34.4,48.5,29.1,3,79.489,79.7302195127964,-0.241219512796363,0.241219512796363
Spanish Grand Prix,MEDIUM,20,32.6,48.5,29.1,3,79.694,79.7390898508934,-0.0450898508934472,0.0450898508934472
Spanish Grand Prix,MEDIUM,21,30.8,48.5,29.1,3,79.438,79.7966224415596,-0.358622441559618,0.358622441559618
Spanish Grand Prix,MEDIUM,22,29,48.5,29.1,3,79.235,79.8183581405888,-0.583358140588814,0.583358140588814
Spanish Grand Prix,MEDIUM,23,27.2,48.5,29.1,3,79.63,79.8498044380239,-0.2198044380239,0.2198044380239
Spanish Grand Prix,SOFT,1,18.2,48.5,29.1,3,78.796,78.3255710330694,0.470428966930641,0.470428966930641
Spanish Grand Prix,SOFT,2,16.4,48.5,29.1,3,77.885,78.3163523945766,-0.431352394576592,0.431352394576592
Spanish Grand Prix,SOFT,1,0.2,48.5,29.1,3,75.933,76.4152595855068,-0.482259585506768,0.482259585506768
Spanish Grand Prix,SOFT,2,0,48.5,29.1,3,76.377,76.4740738883454,-0.0970738883454487,0.0970738883454487
Spanish Grand Prix,SOFT,3,0,48.5,29.1,3,76.58,76.4928679690782,0.0871320309217651,0.0871320309217651
Spanish Grand Prix,SOFT,4,0,48.5,29.1,3,76.994,76.5231517818729,0.470848218127074,0.470848218127074
Spanish Grand Prix,SOFT,5,0,48.5,29.1,3,77.445,76.545972020318,0.899027979681946,0.899027979681946
